id,name,email,department,location,gender,age,created_at,updated_at
1,Lesley Farrell,cora@walshgraham.name,Sales,San Francisco,Male,42,2019-03-11 09:31:26.679793,2019-03-11 09:31:26.679793
2,Manie Halvorson,doretha@rath.name,Sales,San Francisco,Female,23,2019-03-11 09:31:26.726661,2019-03-11 09:31:26.726661
3,Solomon Fritsch,linda_upton@hansenhansen.name,Sales,San Francisco,Male,34,2019-03-11 09:31:26.750295,2019-03-11 09:31:26.750295
4,Jeff Bechtelar,corazon_littel@reichelwalker.name,Sales,Bangalore,Female,31,2019-03-11 09:31:26.772888,2019-03-11 09:31:26.772888
5,Brooks Hilll,katlyn_gorczany@runolfsdottir.info,Sales,San Francisco,Male,22,2019-03-11 09:31:26.800118,2019-03-11 09:31:26.800118
6,Nobuko Dach,shaina_schultz@schmidt.com,Sales,San Francisco,Female,35,2019-03-11 09:31:26.824699,2019-03-11 09:31:26.824699
7,Sage Beier,brianne_oconner@powlowski.com,Sales,Mumbai,Female,34,2019-03-11 09:31:26.847547,2019-03-11 09:31:26.847547
8,Sharlene Gerlach,lakiesha_yost@paucek.info,Sales,Bangalore,Female,29,2019-03-11 09:31:26.869662,2019-03-11 09:31:26.869662
9,Marie Schroeder,valrie@nikolaus.com,Sales,San Francisco,Female,45,2019-03-11 09:31:26.895632,2019-03-11 09:31:26.895632
10,Donnell Balistreri,janna@schmidt.us,Sales,Mumbai,Male,26,2019-03-11 09:31:26.918391,2019-03-11 09:31:26.918391
11,Diann Erdman,jacquelin_metz@quigleyking.com,Sales,Bangalore,Male,41,2019-03-11 09:31:26.943709,2019-03-11 09:31:26.943709
12,Kandra Lakin,elenora@kovacek.com,Marketing,Bangalore,Male,48,2019-03-11 09:31:26.968129,2019-03-11 09:31:26.968129
13,Magnolia Kohler,marvis@pacochastark.us,Marketing,San Francisco,Female,50,2019-03-11 09:31:26.993398,2019-03-11 09:31:26.993398
14,Martina Feil,coral@langworthtreutel.info,Marketing,Bangalore,Male,49,2019-03-11 09:31:27.020839,2019-03-11 09:31:27.020839
15,Remedios Baumbach,lon@cummings.us,Marketing,San Francisco,Male,30,2019-03-11 09:31:27.049494,2019-03-11 09:31:27.049494
16,Fern Stroman,vickey@kshlerin.info,Marketing,Mumbai,Female,26,2019-03-11 09:31:27.078238,2019-03-11 09:31:27.078238
17,Natashia Windler,paulita_franecki@terry.ca,Marketing,Bangalore,Male,50,2019-03-11 09:31:27.102763,2019-03-11 09:31:27.102763
18,Leila Lemke,margo_anderson@white.com,Marketing,Mumbai,Male,30,2019-03-11 09:31:27.128965,2019-03-11 09:31:27.128965
19,Aida Jacobi,laci.reilly@bartolettispencer.biz,Marketing,Bangalore,Male,48,2019-03-11 09:31:27.153720,2019-03-11 09:31:27.153720
20,Demetrius Hahn,arlette@bradtke.biz,Marketing,San Francisco,Female,48,2019-03-11 09:31:27.176570,2019-03-11 09:31:27.176570
21,Kyung Kub,wilmer_boehm@windler.ca,Marketing,San Francisco,Male,36,2019-03-11 09:31:27.210631,2019-03-11 09:31:27.210631
22,Sonya Beier,chantelle.leuschke@gerhold.us,Marketing,Bangalore,Male,50,2019-03-11 09:31:27.234230,2019-03-11 09:31:27.234230
23,Rina Gerhold,suk_kshlerin@ortiz.com,Engineering,Bangalore,Male,27,2019-03-11 09:31:27.267093,2019-03-11 09:31:27.267093
24,Annika Ward,tracey@connellywaelchi.name,Engineering,San Francisco,Male,49,2019-03-11 09:31:27.291946,2019-03-11 09:31:27.291946
25,Jacquelyn Hahn,fiona@corwin.us,Engineering,Bangalore,Male,48,2019-03-11 09:31:27.319442,2019-03-11 09:31:27.319442
26,Nigel Ritchie,jasper.wiza@mayert.info,Engineering,Bangalore,Male,48,2019-03-11 09:31:27.342115,2019-03-11 09:31:27.342115
27,Veda Prosacco,jenifer@veum.co.uk,Engineering,Bangalore,Male,22,2019-03-11 09:31:27.364361,2019-03-11 09:31:27.364361
28,Vernon Hudson,glinda@brown.us,Engineering,Mumbai,Male,37,2019-03-11 09:31:27.385252,2019-03-11 09:31:27.385252
29,Marhta Johnston,aimee.hahn@batz.us,Engineering,Bangalore,Male,26,2019-03-11 09:31:27.410502,2019-03-11 09:31:27.410502
30,Alfred Okuneva,natalie@framibartoletti.us,Engineering,San Francisco,Female,50,2019-03-11 09:31:27.432968,2019-03-11 09:31:27.432968
31,Kimberley Jacobi,sherlyn.moen@watsica.biz,Engineering,Mumbai,Male,22,2019-03-11 09:31:27.455321,2019-03-11 09:31:27.455321
32,Rusty Raynor,tony@kuhlman.us,Engineering,San Francisco,Male,49,2019-03-11 09:31:27.479730,2019-03-11 09:31:27.479730
33,Magdalena Bergnaum,corrie_ebert@goyette.us,Engineering,Mumbai,Female,50,2019-03-11 09:31:27.505543,2019-03-11 09:31:27.505543
34,Malika Deckow,carri.schulist@lang.info,Support,San Francisco,Male,46,2019-03-11 09:31:27.529606,2019-03-11 09:31:27.529606
35,Becky Rempel,tommy.howe@bradtke.co.uk,Support,San Francisco,Male,44,2019-03-11 09:31:27.552013,2019-03-11 09:31:27.552013
36,Nikole Streich,lonna@rogahnsimonis.name,Support,Bangalore,Male,31,2019-03-11 09:31:27.573596,2019-03-11 09:31:27.573596
37,Yuette Morar,euna@wiegandmohr.biz,Support,San Francisco,Female,45,2019-03-11 09:31:27.598561,2019-03-11 09:31:27.598561
38,Lilia Hickle,danelle@bayermetz.name,Support,San Francisco,Female,46,2019-03-11 09:31:27.624334,2019-03-11 09:31:27.624334
39,Joyce Rau,melina_kessler@effertzwillms.info,Support,Mumbai,Female,29,2019-03-11 09:31:27.648639,2019-03-11 09:31:27.648639
40,Gerardo Gulgowski,bethanie_mann@reilly.name,Support,San Francisco,Male,22,2019-03-11 09:31:27.670523,2019-03-11 09:31:27.670523
41,Theodora Hahn,una.von@cassin.biz,Support,Bangalore,Female,50,2019-03-11 09:31:27.694162,2019-03-11 09:31:27.694162
42,Mohammed Corkery,karole_runolfsson@botsford.name,Support,Bangalore,Male,23,2019-03-11 09:31:27.716958,2019-03-11 09:31:27.716958
43,Gudrun Price,newton_morar@stokes.co.uk,Support,Mumbai,Female,33,2019-03-11 09:31:27.740013,2019-03-11 09:31:27.740013
44,Shirley Crist,ignacia.daugherty@stracke.co.uk,Support,San Francisco,Female,40,2019-03-11 09:31:27.761580,2019-03-11 09:31:27.761580
45,Evonne Grant,paris.kshlerin@rosenbaum.com,Operations,San Francisco,Female,39,2019-03-11 09:31:27.785995,2019-03-11 09:31:27.785995
46,Phylicia Streich,merlene@hoppeprosacco.name,Operations,Bangalore,Female,45,2019-03-11 09:31:27.821193,2019-03-11 09:31:27.821193
47,Raylene Mueller,adrianne@huels.biz,Operations,Bangalore,Female,26,2019-03-11 09:31:27.843447,2019-03-11 09:31:27.843447
48,Annabelle Kuhic,adrien.nitzsche@crooks.co.uk,Operations,Bangalore,Male,34,2019-03-11 09:31:27.865983,2019-03-11 09:31:27.865983
49,Nikole Kulas,shala_pagac@hettinger.ca,Operations,Mumbai,Male,46,2019-03-11 09:31:27.890265,2019-03-11 09:31:27.890265
50,Stanton Daniel,lavonne_rolfson@corwin.biz,Operations,San Francisco,Female,34,2019-03-11 09:31:27.914339,2019-03-11 09:31:27.914339
51,Nicholas Ankunding,lillia@koss.info,Operations,Mumbai,Male,24,2019-03-11 09:31:27.937284,2019-03-11 09:31:27.937284
52,Olinda Heidenreich,giovanna_heaney@johns.biz,Operations,Mumbai,Female,41,2019-03-11 09:31:27.966710,2019-03-11 09:31:27.966710
53,Joycelyn Halvorson,lynn@andersonrutherford.ca,Operations,Mumbai,Male,47,2019-03-11 09:31:27.990477,2019-03-11 09:31:27.990477
54,Bari Kunde,maria@blick.biz,Operations,San Francisco,Female,38,2019-03-11 09:31:28.016835,2019-03-11 09:31:28.016835
55,Salena Upton,charity@heller.com,Operations,Mumbai,Male,27,2019-03-11 09:31:28.040389,2019-03-11 09:31:28.040389
